<Ui xmlns="http://www.blizzard.com/wow/ui/" xmlns:xsi="http://www.w3.org/2001/XMLSchema-instance" xsi:schemaLocation="http://www.blizzard.com/wow/ui/ D:\UI.xsd">
	<PlayerModel name="ZygorGuidesViewerPlayerModel" virtual="true">
		<Size x="300" y="300" />
		<Scripts>
			<Onload>
			self.SetAutoRotation = function(self,spd)
				self.autorotationspeed=spd
				self.facing = 0
			end
			self.SetModels = function(self,models)
				if type(models)=="table" then
					self.models = models
				elseif type(models)=="number" then
					self.models = {models}
				end
				self:ShowModel(self.models[1])
			end
			self.ShowModel = function(self,model)
				self:SetDisplayInfo(model)
				local crop = ZGV.DisplayModelsExtra[model or 0]

				self:SetModelScale(crop and crop.scale and max(crop.scale,0.01) or 1.01)
				self:SetPosition(crop and crop.cx or 0,crop and crop.cy or 0,(crop and crop.cz or 0))
				if crop and crop.cam then self:SetCamera(crop.cam) else self:RefreshCamera() end
				self:SetCamDistanceScale(crop and crop.camscale and max(crop.camscale,0.01) or 1.01)
				if crop and crop.portrait and crop.portrait>0 then self:SetPortraitZoom(crop.portrait) end

			end
			self.SetSlideshow = function(self,spd)
				self.slideshow = spd
				self.slideshowno = 1
				self.slideshowelapsed = 0
			end
			</Onload>
			<OnUpdate>
				if self.autorotationspeed then
					self.facing = self.facing + elapsed * self.autorotationspeed
					self:SetFacing(self.facing)
				end
				if self.slideshow and self.models and #self.models>0 then
					local min,max=min,max
					self.slideshowelapsed = self.slideshowelapsed + elapsed

					if self.slideshowelapsed>self.slideshow then
						self.slideshowno = self.slideshowno + 1
						if self.slideshowno>#self.models then self.slideshowno=1 end
						self:ShowModel(self.models[self.slideshowno])
						self.slideshowelapsed = 0
					end
				end
			</OnUpdate>
			<!--
					local frac = self.slideshowelapsed / self.slideshow
					if frac&lt;0.1 then self:SetAlpha(max(0,frac)*10)
					elseif frac&gt;0.9 then self:SetAlpha(min(1,1-frac)*10)
					else self:SetAlpha(1)
					end

			-->
		</Scripts>
	</PlayerModel>

  
	<Button name="ZygorGearFinderFrame_ItemFrame" virtual="true" frameStrata="MEDIUM">
		<Size x="100" y="1" />
		<Layers>
			<Layer level="BACKGROUND">
				<Texture name="$parentBgTop" file="Interface\CharacterFrame\Char-Paperdoll-Parts" parentKey="BgTop">
					<Size x="169" y="5" />	
					<TexCoords left="0.00390625" right="0.66406250" top="0.50781250" bottom="0.57812500" />	
					<Anchors>
						<Anchor point="TOPLEFT" />
					</Anchors>
				</Texture>
				<Texture name="$parentBgBottom" file="Interface\CharacterFrame\Char-Paperdoll-Parts" parentKey="BgBottom">
					<Size x="169" y="23" />	
					<TexCoords left="0.00390625" right="0.66406250" top="0.00781250" bottom="0.36718750" />	
					<Anchors>
						<Anchor point="BOTTOMLEFT">
							<Offset x="0" y="3" />
						</Anchor>
					</Anchors>
				</Texture>
				<Texture name="$parentBgMiddle" file="Interface\CharacterFrame\Char-Stat-Middle" parentKey="BgMiddle" vertTile="true">
					<Size x="169" y="8" />
					<Anchors>
						<Anchor point="TOPLEFT" relativeTo="$parentBgTop" relativePoint="BOTTOMLEFT" x="1" />
						<Anchor point="BOTTOMLEFT" relativeTo="$parentBgBottom" relativePoint="TOPLEFT" />
					</Anchors>
					<TexCoords left="0.00390625" right="0.66406250" top="0.00000000" bottom="1.00000000" />
				</Texture>
			</Layer>

			<Layer level="OVERLAY">
				<FontString inherits="SystemFont_Shadow_Small" name="$parentSlot" parentKey="Slot" justifyH="LEFT">
					<Size x="0" y="16" />
					<Anchors>
						<Anchor point="TOPLEFT">
							<Offset x="3" y="-3" />
						</Anchor>
						<Anchor point="RIGHT" />
					</Anchors>
					<Color r="1.0" g="1.0" b="1.0" />
				</FontString>
			</Layer>
		</Layers>

		<Frames>
			<Button name="$parentDungeon" parentKey="Dungeon" hidden="true" alpha="0">
				<Size x="20" y="20" />
				<Anchors>
					<Anchor point="RIGHT" ><Offset x="-4" y="-2" /></Anchor>
				</Anchors>
			</Button>

			<Button name="$parentMore" parentKey="More" inherits="UIPanelButtonTemplate" hidden="true" frameStrata="DIALOG">
				<Size x="20" y="20" />
				<Anchors>
					<Anchor point="RIGHT" relativePoint="LEFT" relativeTo="$parentDungeon" />
				</Anchors>
			</Button>

			<Frame name="$parentLabel" parentKey="Label">
				<Size x="100" y="15" />
				<Anchors>
					<Anchor point="TOPLEFT"><Offset x="8" y="-18" /></Anchor>
					<Anchor point="RIGHT" ><Offset x="-3" y="0" /></Anchor>
				</Anchors>

				<Layers>
					<Layer level="OVERLAY">
						<FontString name="$parentText" parentKey="Text" inherits="SystemFont_Shadow_Small" setAllPoints="true" justifyH="LEFT" />
						<Texture parentKey="back" setAllPoints="true" hidden="true">
							<Color r="0.1" g="0.1" b="0.15" />
						</Texture>
					</Layer>
				</Layers>

				<Scripts></Scripts>
			</Frame>
		</Frames>
    
		<Scripts>
			 <OnEnter>
				local item = self.item
				if item then
					GameTooltip:SetOwner(self,"TOP")
					GameTooltip:SetItemByID(item)
					GameTooltip:Show()
				elseif self.bestitems then
					GameTooltip:SetOwner(self,"TOP")
					GameTooltip:SetText(ZGV.L['itemfinder_itemsindung'])
					for i,item in ipairs(self.bestitems) do
						local itemdata = GetItemStatsWithTooltip(item.id)
						if itemdata and itemdata.info and itemdata.info.link then
							GameTooltip:AddLine(("%s"):format(itemdata.info.link:gsub("[%[%]]","")))
						end
					end
					GameTooltip:Show()
				elseif self.tip then
					GameTooltip:SetOwner(self,"TOP")
					GameTooltip:ZGV_ShowManyLines(self.tip)
				end
				--self:EnableKeyboard(false)
				--self.back:Show()
			</OnEnter>
			<OnLeave>
				GameTooltip:Hide()
				--self.back:Hide()
			</OnLeave>
			<OnClick>
				if ( IsModifiedClick("DRESSUP") and self.item) then
					DressUpItemLink("item:"..self.item)
					PlaySound(SOUNDKIT.GS_TITLE_OPTION_OK)
					return true
				end
			</OnClick>
			<OnLoad>
				ZygorGuidesViewer.ItemScore.ItemFrameProto.OnLoad(self)
			</OnLoad>
		</Scripts>
	</Button>
</Ui>